thread_id,root_time,thread_len,matched_post_count,join_coverage,matched_post_ids,matched_user_ids,matched_post_positions
2223612,202304182218,8,2,0.25,"135178,135183","34218,34218","2,4"
7845281,202304190002,39,2,0.051282,"135169,135178","2481,34218","0,4"
47139411,202304191217,12,2,0.166667,"135183,129308","34218,31501","5,10"
29707030,202304191251,11,2,0.181818,"135068,129308","2481,31501","2,9"
4447826,202304191533,159,3,0.018868,"135195,129308,135068","6826,31501,2481","12,92,116"
31369920,202304191821,3,2,0.666667,"135178,135195","34218,6826","0,1"
1376214,202304222350,323,2,0.006192,"379141,693172","33695,488489","37,159"
956024,202304272017,966,4,0.004141,"383014,135324,302589,75261","33695,19238,34218,81413","20,71,685,686"
412394,202305090204,81,2,0.024691,"131409,726518","32905,161564","48,78"
960654,202305091539,315,2,0.006349,"379141,384030","33695,33695","29,144"
40425,202305140926,10808,15,0.001388,"131409,526005,134998,725509,1579702,447283,382301,382466,382706,382955,383162,384030,384737,125868,127757","32905,2481,628,184303,172477,320273,46200,226062,226062,121736,64830,33695,195198,4113,2460","189,884,1650,1896,2682,7057,7284,7367,7429,7498,7591,7856,8025,9044,9540"
357865,202305162155,965,2,0.002073,"578915,126766","130,4113","639,886"
373040,202305262353,1406,4,0.002845,"131679,134220,135224,278263","64509,2481,2487,6567","105,514,671,1336"
5923434,202306072353,50,2,0.04,"131409,395637","32905,94421","33,44"
649596,202306221449,664,2,0.003012,"526005,399109","2481,6826","541,570"
71005680,202306221920,6,2,0.333333,"374670,122319","34586,2481","3,4"
26379225,202307011532,3,2,0.666667,"126766,375511","4113,5744","1,2"
34619736,202307011747,3,2,0.666667,"212210,212207","2481,64509","0,1"
62564,202307012048,355,2,0.005634,"383015,374494","33695,33695","13,291"
8433432,202307021737,4,2,0.5,"134220,134199","2481,4113","1,3"
56659407,202307022359,4,2,0.5,"134220,134199","2481,4113","1,3"
122331851,202307030050,5,2,0.4,"374670,122319","34586,2481","1,2"
70286481,202307031238,9,2,0.222222,"375335,375352","5744,19246","1,8"
530865,202307031631,280,3,0.010714,"554690,384732,39905","30506,34218,389","105,115,261"
74283,202307040238,190,3,0.015789,"131679,663430,39905","64509,243670,389","30,129,175"
11223,202307041343,1530,2,0.001307,"126439,554690","81413,30506","647,1084"
2839372,202307041432,96,2,0.020833,"384030,10824","33695,297940","4,12"
3266765,202307041831,41,2,0.04878,"86792,134154","64000,195198","1,2"
26379059,202307042029,4,2,0.5,"126766,122319","4113,2481","2,3"
13076430,202307042131,14,2,0.142857,"86756,86792","18330,64000","3,7"
12949404,202307042225,5,2,0.4,"126766,122319","4113,2481","1,2"
6027357,202307042230,109,2,0.018349,"135278,128477","6846,27967","21,102"
111236,202307071905,1003,4,0.003988,"392041,377828,132246,376502","51,37717,45676,2493","417,472,561,857"
1630266,202307091539,111,2,0.018018,"10824,395584","297940,24887","15,71"
23615998,202307120313,6,2,0.333333,"134220,134199","2481,4113","2,4"
1396994,202307121554,114,2,0.017544,"65614,395584","683,24887","18,83"
10126873,202307121650,36,2,0.055556,"131409,131175","32905,45676","21,27"
2744,202307130637,642,2,0.003115,"131175,381382","45676,226062","37,127"
1717719,202307131426,90,2,0.022222,"131175,131409","45676,32905","17,59"
164964,202307150438,632,2,0.003165,"131175,381382","45676,226062","51,149"
21152,202307160101,186,2,0.010753,"851741,179028","31395,3060","94,118"
1360120,202307172100,189,2,0.010582,"399109,132366","6826,6567","93,96"
1252262,202307182333,127,2,0.015748,"131175,395646","45676,34218","32,99"
153171,202307191220,150,2,0.013333,"384030,131175","33695,45676","13,28"
5237831,202307201922,136,2,0.014706,"384732,136110","34218,46756","57,116"
736388,202307202008,220,2,0.009091,"131175,131409","45676,32905","53,158"
4164536,202307210108,33,2,0.060606,"131409,131175","32905,45676","17,23"
4164440,202307210346,12,2,0.166667,"131175,131409","45676,32905","3,6"
202750,202307211519,568,2,0.003521,"131175,497419","45676,509872","32,513"
255282,202307220408,2037,4,0.001964,"213093,725404,382694,188393","172477,2483,34218,64830","35,1105,1452,2032"
204617,202307230029,218,2,0.009174,"331520,379141","195713,33695","108,111"
12440854,202307232017,26,2,0.076923,"131409,131175","32905,45676","16,22"
366109,202307241727,118,2,0.016949,"127158,384737","64509,195198","35,49"
10931203,202307242038,5,2,0.4,"20180,826613","2493,4293","2,3"
2077784,202307250015,46,2,0.043478,"65451,127158","88616,64509","11,17"
186666,202307250038,773,3,0.003881,"383454,133649,122402","226029,3060,34218","161,174,570"
20029540,202307251540,6,2,0.333333,"135502,1502326","24957,30524","1,4"
15419146,202307252047,13,2,0.153846,"376921,376956","122809,34671","10,12"
60539512,202307252149,12,2,0.166667,"131175,131409","45676,32905","0,6"
255272,202307261136,29,2,0.068966,"132760,196388","2481,34218","2,6"
396070,202307261320,279,2,0.007168,"1536286,109891","2246008,130","158,180"
1685845,202307261411,6,2,0.333333,"20180,826613","2493,4293","2,3"
2456465,202307261456,21,2,0.095238,"395584,65614","24887,683","13,14"
17244155,202307261517,14,2,0.142857,"131175,131409","45676,32905","4,8"
19796092,202307261553,7,2,0.285714,"129858,131175","27967,45676","0,1"
2859804,202307261733,170,2,0.011765,"132760,196388","2481,34218","58,99"
37304401,202307262103,32,2,0.0625,"65451,558047","88616,3060","14,23"
20712322,202307262323,7,2,0.285714,"129221,128340","2481,66009","1,5"
39018265,202307271236,3,2,0.666667,"20180,826613","2493,4293","1,2"
255087,202307271413,106,2,0.018868,"526005,196388","2481,34218","40,61"
46435,202307271520,1549,2,0.001291,"134874,127158","61595,64509","723,820"
242491,202307271604,36,2,0.055556,"65614,131175","683,45676","20,26"
504163,202307271848,668,2,0.002994,"131104,377828","184303,37717","11,323"
78471027,202307271904,3,2,0.666667,"1502326,135502","30524,24957","1,2"
119678,202307281624,566,2,0.003534,"375630,375644","361062,507093","191,201"
1102670,202307281946,357,2,0.005602,"129581,554690","46455,30506","81,300"
308610,202307291652,402,2,0.004975,"375644,196388","507093,34218","149,343"
454337,202307292324,348,2,0.005747,"65614,122319","683,2481","18,239"
735441,202307300010,280,2,0.007143,"109891,579502","130,36146","171,237"
2859686,202307301449,75,2,0.026667,"196388,375644","34218,507093","20,60"
1669247,202307301655,261,2,0.007663,"131175,109891","45676,130","48,163"
735979,202307311643,115,2,0.017391,"131175,131409","45676,32905","35,78"
23396970,202307312010,27,2,0.074074,"131409,131175","32905,45676","14,18"
9415440,202307312328,13,3,0.230769,"376932,376921,376956","4113,122809,34671","1,8,11"
73364,202307312357,193,2,0.010363,"122402,382530","34218,226062","13,22"
16772834,202308011836,4,2,0.5,"376921,376956","122809,34671","0,2"
10297872,202308011846,6,2,0.333333,"20180,826613","2493,4293","3,4"
3462802,202308021340,55,2,0.036364,"127158,134615","64509,200724","21,37"
15418979,202308021752,11,2,0.181818,"376932,376956","4113,34671","1,10"
15738958,202308021837,20,2,0.1,"131175,2576875","45676,488489","12,15"
137926037,202308060023,5,2,0.4,"131175,2576875","45676,488489","0,3"
221022,202308071856,164,3,0.018293,"131175,399109,377828","45676,6826,37717","38,82,152"
576546,202308072037,20,2,0.1,"128477,131175","27967,45676","13,14"
28514573,202308072158,4,2,0.5,"128669,213382","24887,24884","2,3"
7297218,202308091511,12,2,0.166667,"213382,128669","24884,24887","2,11"
101849114,202308091635,3,2,0.666667,"578706,129107","205849,42722","0,1"
20912830,202308091914,12,2,0.166667,"1622436,497419","8,509872","1,4"
3177390,202308101957,44,2,0.045455,"129858,131175","27967,45676","21,34"
256627,202308102259,393,2,0.005089,"391902,1078446","24887,628","119,224"
4685851,202308111404,26,2,0.076923,"134615,131175","200724,45676","18,22"
5631964,202308111744,35,2,0.057143,"213382,128669","24884,24887","0,5"
28514505,202308122138,3,2,0.666667,"128669,213382","24887,24884","1,2"
25574711,202308141209,7,2,0.285714,"135502,1502326","24957,30524","2,6"
4479545,202308141506,17,2,0.117647,"1009109,826613","37717,4293","13,15"
28514488,202308141515,4,2,0.5,"213382,128669","24884,24887","0,2"
28514474,202308142215,3,2,0.666667,"128669,213382","24887,24884","1,2"
4160599,202308150212,10,2,0.2,"131104,131175","184303,45676","0,2"
29232,202308151559,1007,2,0.001986,"65614,447283","683,320273","44,396"
10897202,202308152316,45,2,0.044444,"135719,302589","27967,34218","16,43"
9954763,202308160512,64,2,0.03125,"523140,131175","628,45676","3,50"
2222904,202308161635,33,2,0.060606,"126329,131409","2493,32905","17,19"
17476129,202308180402,8,2,0.25,"1009109,302589","37717,34218","4,6"
26281,202308182134,556,2,0.003597,"65614,376043","683,88639","25,330"
2035683,202308182314,257,2,0.007782,"131175,127158","45676,64509","54,94"
427816,202308191419,585,2,0.003419,"129581,579014","46455,6846","164,411"
5931224,202308191641,90,2,0.022222,"131104,131175","184303,45676","6,18"
20159,202308191707,150,2,0.013333,"526005,1914618","2481,959962","54,76"
1804187,202308191718,15,2,0.133333,"213382,128669","24884,24887","5,14"
24821,202308192013,116,2,0.017241,"395589,188393","628,64830","81,113"
124839708,202308201713,4,2,0.5,"579992,579997","24957,24957","0,3"
4365488,202308210227,101,2,0.019802,"122402,447283","34218,320273","7,62"
28514380,202308210937,8,2,0.25,"213382,128669","24884,24887","1,6"
42697931,202308220806,5,2,0.4,"579992,579997","24957,24957","1,4"
5492735,202308221325,102,2,0.019608,"86143,200379","81413,63813","32,42"
138044717,202308221840,4,2,0.5,"579992,579997","24957,24957","0,3"
7361201,202308231911,129,2,0.015504,"131104,131175","184303,45676","11,36"
427773,202308231916,124,2,0.016129,"554690,131409","30506,32905","41,75"
117017,202308241844,385,2,0.005195,"213093,196388","172477,34218","13,334"
75156799,202308242106,6,2,0.333333,"135502,1502326","24957,30524","2,4"
2713793,202308250434,93,2,0.021505,"131175,395552","45676,683","13,51"
5714460,202308251335,10,2,0.2,"399109,129338","6826,45676","2,8"
72269,202308251700,592,2,0.003378,"196044,380597","27123,36146","417,486"
4869829,202308251932,105,2,0.019048,"10824,399109","297940,6826","17,50"
1041657,202308252219,5,2,0.4,"3255558,65614","64830,683","0,2"
1290659,202308252234,380,2,0.005263,"376043,1009109","88639,37717","234,275"
13747645,202308260134,15,2,0.133333,"128664,128669","2481,24887","10,13"
5217567,202308260913,16,2,0.125,"131104,131175","184303,45676","1,5"
7360821,202308261437,68,2,0.029412,"131104,131175","184303,45676","23,55"
11587684,202308261829,12,2,0.166667,"131175,378350","45676,33695","1,7"
12436196,202308262131,14,2,0.142857,"131104,131175","184303,45676","1,2"
521381,202308271343,143,3,0.020979,"131175,127158,377828","45676,64509,37717","33,56,133"
1041624,202308280808,25,2,0.08,"3255558,65614","64830,683","0,17"
20659722,202308281409,7,2,0.285714,"196042,196044","64830,27123","2,4"
520563,202308281638,23,2,0.086957,"131104,131175","184303,45676","8,20"
28514298,202308290752,11,2,0.181818,"213382,128669","24884,24887","3,10"
367561,202308291224,88,2,0.022727,"526005,382301","2481,46200","29,51"
521908,202308291438,225,2,0.008889,"131104,131175","184303,45676","17,58"
4823401,202308291604,126,2,0.015873,"526005,376043","2481,88639","41,60"
885882,202308302146,102,2,0.019608,"131104,131175","184303,45676","5,22"
10954036,202308310849,25,2,0.08,"131104,131175","184303,45676","7,20"
6847827,202308311238,105,2,0.019048,"131175,127158","45676,64509","23,46"
28514260,202308311919,5,2,0.4,"213382,128669","24884,24887","0,4"
734956,202309021446,71,2,0.028169,"131409,131175","32905,45676","43,56"
367518,202309030951,164,2,0.012195,"213052,196388","24884,34218","22,95"
59807961,202309031019,4,2,0.5,"384433,132246","226062,45676","0,3"
2378128,202309031439,21,2,0.095238,"65614,126329","683,2493","10,18"
1403979,202309031952,185,2,0.010811,"131175,382301","45676,46200","43,126"
11799295,202309040726,6,2,0.333333,"663430,16657","243670,5710","2,3"
2858635,202309041337,319,3,0.009404,"579117,132760,526005","64885,2481,2481","244,269,273"
32582,202309041425,10,2,0.2,"129219,936841","161564,19256","1,4"
90402,202309041601,329,2,0.006079,"131175,65519","45676,780","19,325"
521484,202309050211,37,2,0.054054,"131104,131175","184303,45676","8,32"
2450894,202309051740,141,2,0.014184,"131175,399109","45676,6826","24,66"
220478,202309051839,59,2,0.033898,"131104,131175","184303,45676","13,50"
521620,202309052331,54,2,0.037037,"131104,131175","184303,45676","11,41"
12683521,202309060951,23,2,0.086957,"663430,16657","243670,5710","2,5"
8903592,202309070559,25,2,0.08,"131104,131175","184303,45676","5,17"
120990,202309071737,1388,6,0.004323,"131175,134615,126503,578036,302589,384732","45676,200724,34218,30435,34218,34218","23,596,601,764,1299,1333"
26402402,202309071907,18,2,0.111111,"131175,135224","45676,2487","4,12"
7296439,202309091743,40,2,0.05,"213382,128669","24884,24887","0,6"
71058835,202309092301,5,2,0.4,"196044,196049","27123,64830","1,3"
43164216,202309101027,7,2,0.285714,"714948,937017","94,389","1,6"
367478,202309101801,159,3,0.018868,"213093,132760,196388","172477,2481,34218","28,45,76"
28973609,202309120015,11,2,0.181818,"578509,578573","628,64830","3,4"
697621,202309121609,195,2,0.010256,"131175,497419","45676,509872","33,95"
894692,202309122250,261,2,0.007663,"131175,384442","45676,24957","45,226"
116818,202309122300,551,4,0.00726,"213093,526005,399109,196388","172477,2481,6826,34218","39,444,458,476"
24417742,202309130738,4,2,0.5,"378740,378902","1419015,33695","1,2"
1359705,202309131718,142,2,0.014085,"384737,65519","195198,780","53,140"
4868761,202309131950,11,2,0.181818,"131175,10824","45676,297940","3,4"
56976799,202309132009,4,2,0.5,"16657,663430","5710,243670","1,2"
3204301,202309140106,52,2,0.038462,"2650880,65451","130,88616","0,19"
523660,202309140718,149,2,0.013423,"382914,578036","449042,30435","129,143"
885281,202309141051,447,3,0.006711,"382358,134615,278198","46200,200724,6567","303,317,364"
21289513,202309141453,7,2,0.285714,"663430,16657","243670,5710","0,3"
734565,202309141607,225,2,0.008889,"131175,131409","45676,32905","53,140"
4948023,202309141932,63,2,0.031746,"131104,131409","184303,32905","26,48"
142160142,202309151518,3,2,0.666667,"382242,382247","46200,33695","1,2"
524482,202309152040,69,2,0.028986,"86323,400216","3060,2487","30,55"
1387421,202309160205,204,2,0.009804,"526005,131409","2481,32905","79,138"
1971838,202309161343,210,2,0.009524,"131104,131175","184303,45676","21,63"
38522481,202309162116,5,2,0.4,"663430,16657","243670,5710","0,4"
521070,202309171422,142,2,0.014085,"131175,813531","45676,2481","30,140"
182202,202309172324,690,3,0.004348,"578573,1078446,251225","64830,628,2493","343,402,452"
947469,202309180044,257,3,0.011673,"134220,1078446,126329","2481,628,2493","40,92,192"
591714,202309181051,14,2,0.142857,"384433,132246","226062,45676","7,10"
26242,202309181623,893,2,0.00224,"65578,129338","5710,45676","16,135"
122377390,202309190155,3,2,0.666667,"126722,126643","161564,46756","0,1"
36920366,202309191029,5,2,0.4,"128170,383059","37717,226062","0,1"
420470,202309191457,221,2,0.00905,"377898,16657","34671,5710","23,112"
4537458,202309201611,32,2,0.0625,"1167700,358261","2493,130","23,29"
108544663,202309210510,9,2,0.222222,"131175,131409","45676,32905","0,3"
1517860,202309211008,61,2,0.032787,"384078,39905","471909,389","36,48"
2191040,202309211935,17,2,0.117647,"131175,131409","45676,32905","4,9"
8588377,202309220000,43,2,0.046512,"131104,131175","184303,45676","11,34"
5371525,202309220102,18,2,0.111111,"814153,132366","64885,6567","3,6"
116639,202309221109,331,2,0.006042,"213052,196388","24884,34218","19,285"
2222645,202309221230,70,2,0.028571,"65451,134615","88616,200724","27,52"
19364,202309222118,297,2,0.006734,"384732,1167700","34218,2493","123,187"
1971963,202309231334,180,2,0.011111,"131104,131175","184303,45676","11,49"
1357475,202309232003,20,2,0.1,"715685,131175","161564,45676","3,14"
10856892,202309240041,5,2,0.4,"212644,126439","34218,81413","0,1"
2782533,202309240752,51,2,0.039216,"131104,131175","184303,45676","14,44"
1617779,202309241756,126,2,0.015873,"128547,202437","161054,156164","7,44"
3258149,202309250059,16,2,0.125,"131104,131175","184303,45676","0,5"
46579,202309250307,788,2,0.002538,"698947,659089","2460,422679","226,648"
953610,202309251007,116,2,0.017241,"16657,382247","5710,33695","62,65"
3723716,202309251106,262,2,0.007634,"213093,526005","172477,2481","47,85"
5317602,202309251249,87,3,0.034483,"132768,526005,877889","996134,2481,4293","30,35,59"
32423590,202309251424,18,2,0.111111,"131175,126329","45676,2493","1,4"
232839,202309251818,168,2,0.011905,"814153,526005","64885,2481","30,60"
12792863,202309252348,8,2,0.25,"578517,578525","683,64830","4,7"
36250,202309261556,111,2,0.018018,"384732,384433","34218,226062","45,86"
136478677,202309261723,6,2,0.333333,"134615,376506","200724,33695","0,4"
1800647,202309261728,149,2,0.013423,"382914,578036","449042,30435","136,147"
62276747,202309261837,8,2,0.25,"384433,134109","226062,4113","2,6"
4043698,202309262129,219,2,0.009132,"127042,497419","61595,509872","25,110"
531912,202309271043,640,2,0.003125,"382449,399109","36146,6826","463,560"
148838710,202309272047,4,2,0.5,"196049,196044","64830,27123","1,2"
71058759,202309280455,3,2,0.666667,"196049,196044","64830,27123","0,1"
27835188,202309280753,18,2,0.111111,"132246,382397","45676,46200","16,17"
1217632,202309281754,740,5,0.006757,"382301,132746,132768,526005,196388","46200,45676,996134,2481,34218","473,583,595,606,647"
39584065,202309282021,10,2,0.2,"196042,196049","64830,64830","1,6"
2821977,202309290156,121,2,0.016529,"384732,129858","34218,27967","51,79"
27429768,202309290205,3,2,0.666667,"75427,75492","199159,184303","1,2"
1177821,202309290504,193,2,0.010363,"400331,127966","130,2481","158,177"
164863,202309291527,380,2,0.005263,"127757,400572","2460,130","154,250"
71058742,202309300552,5,2,0.4,"196044,196049","27123,64830","1,3"
1273096,202310010356,245,2,0.008163,"135224,384732","2487,34218","21,108"
33384423,202310010518,6,2,0.333333,"196044,196049","27123,64830","1,2"
44639134,202310012108,6,2,0.333333,"135503,698810","24957,130","3,4"
819267,202310021419,15,2,0.133333,"377828,131175","37717,45676","4,6"
3310867,202310021507,18,2,0.111111,"86309,196049","37812,64830","4,9"
163703,202310021538,137,2,0.014599,"384732,715685","34218,161564","60,116"
68450275,202310021952,4,2,0.5,"196049,196044","64830,27123","0,1"
1678644,202310021956,50,2,0.04,"98700,127714","130,6567","8,34"
562997,202310030832,392,4,0.010204,"381285,127524,127744,400572","37717,2481,19256,130","71,146,179,267"
58738300,202310031157,3,2,0.666667,"130720,130749","51,6567","0,2"
2427088,202310031214,350,2,0.005714,"131175,384732","45676,34218","16,307"
2282491,202310031217,33,2,0.060606,"127714,127723","6567,2460","25,28"
19475823,202310040618,5,2,0.4,"128669,128664","24887,2481","1,3"
20921679,202310040748,6,2,0.333333,"196044,196049","27123,64830","1,2"
562995,202310041012,125,2,0.016,"127524,578036","2481,30435","5,120"
563000,202310041400,139,2,0.014388,"127524,127385","2481,101298","5,110"
9711914,202310041432,30,2,0.066667,"196044,196049","27123,64830","16,17"
128714443,202310041504,3,2,0.666667,"196042,196052","64830,36146","0,1"
40880760,202310041553,3,2,0.666667,"196049,196044","64830,27123","0,1"
264268,202310041630,268,2,0.007463,"526005,188393","2481,64830","92,251"
8258765,202310050416,45,2,0.044444,"131104,131175","184303,45676","5,36"
124768415,202310050435,4,2,0.5,"131104,131175","184303,45676","0,3"
12782535,202310050726,51,2,0.039216,"382914,196049","449042,64830","28,37"
8769814,202310050732,48,2,0.041667,"98700,382914","130,449042","4,24"
108482,202310051138,301,2,0.006645,"196044,196049","27123,64830","127,175"
24268448,202310051333,10,2,0.2,"382758,131175","33695,45676","2,3"
163288,202310061233,107,2,0.018692,"507556,447283","32905,320273","38,65"
422597,202310061352,116,2,0.017241,"127723,65451","2460,88616","57,95"
111911630,202310061837,4,3,0.75,"196042,196044,196049","64830,27123,64830","0,2,3"
68840009,202310062032,8,2,0.25,"196042,196044","64830,27123","2,3"
37490995,202310062122,4,2,0.5,"134220,134199","2481,4113","1,2"
12209800,202310062127,3,2,0.666667,"196042,196044","64830,27123","0,1"
2511090,202310071341,130,2,0.015385,"814153,65451","64885,88616","17,108"
733480,202310071533,118,2,0.016949,"127723,65451","2460,88616","57,95"
482621,202310071603,110,2,0.018182,"212806,126329","34218,2493","66,86"
163113,202310071706,436,2,0.004587,"131175,384732","45676,34218","13,370"
6980489,202310071947,15,2,0.133333,"383887,383903","36146,226062","7,14"
28976739,202310072116,7,2,0.285714,"196042,196049","64830,64830","1,3"
178276,202310072338,2057,4,0.001945,"131721,698947,716096,578573","2493,2460,64509,64830","204,671,878,1336"
5853534,202310072346,48,2,0.041667,"131175,376043","45676,88639","42,44"
3102297,202310080132,108,3,0.027778,"10824,131175,399109","297940,45676,6826","12,20,52"
118258533,202310080614,4,2,0.5,"131104,131175","184303,45676","1,3"
1633384,202310080725,18,2,0.111111,"16657,16660","5710,628","9,10"
30302211,202310080928,5,2,0.4,"196044,196049","27123,64830","1,2"
464033,202310081450,232,3,0.012931,"10824,993600,129858","297940,288354,27967","25,140,141"
1373070,202310081628,44,2,0.045455,"129219,129221","161564,2481","25,30"
6846701,202310090907,123,2,0.01626,"384732,400203","34218,130","46,81"
7295628,202310091106,11,2,0.181818,"213382,128669","24884,24887","3,9"
10192376,202310091239,45,2,0.044444,"557824,578036","19226,30435","0,40"
4071274,202310091445,4,2,0.5,"382252,382239","46200,46200","1,3"
15928998,202310091629,4,2,0.5,"10824,851381","297940,51","0,3"
25020,202310091821,125,2,0.016,"134656,127385","36146,101298","0,100"
12187468,202310091833,5,2,0.4,"377826,377828","122809,37717","0,1"
9926525,202310092142,16,2,0.125,"128669,128604","24887,77335","13,15"
2146750,202310092201,261,2,0.007663,"399109,131409","6826,32905","127,171"
344615,202310092227,537,2,0.003724,"384732,497419","34218,509872","469,485"
89803,202310092317,462,3,0.006494,"526005,399109,579502","2481,6826,36146","377,402,441"
1110613,202310100229,95,2,0.021053,"579714,526005","24957,2481","19,29"
62384975,202310101045,4,2,0.5,"579992,579997","24957,24957","0,2"
422843,202310101434,152,2,0.013158,"131104,131175","184303,45676","9,45"
89806,202310101642,195,2,0.010256,"2508311,399109","88581,6826","11,98"
9024773,202310101754,6,2,0.333333,"16657,16660","5710,628","2,3"
124768092,202310110356,3,2,0.666667,"131104,131175","184303,45676","1,2"
2781849,202310110449,335,2,0.00597,"131175,579502","45676,36146","24,328"
28513795,202310111230,12,2,0.166667,"213382,128669","24884,24887","0,1"
1616398,202310112010,20,2,0.1,"92074,134220","51,2481","10,14"
562875,202310120506,265,2,0.007547,"127524,127385","2481,101298","28,211"
24057892,202310120706,19,2,0.105263,"16657,16660","5710,628","2,4"
124768057,202310121522,4,2,0.5,"131104,131175","184303,45676","0,3"
2610674,202310121706,108,3,0.027778,"131175,399109,131409","45676,6826,32905","18,53,72"
20623874,202310121917,10,2,0.2,"814153,135224","64885,2487","3,8"
678908,202310121942,312,2,0.00641,"715115,579014","628,6846","64,234"
646428,202310122202,1281,4,0.003123,"131721,526005,129221,384048","2493,2481,2481,64830","88,290,1010,1136"
12188324,202310131212,26,2,0.076923,"135719,302589","27967,34218","12,25"
8581953,202310131810,44,2,0.045455,"131409,131175","32905,45676","28,38"
1022128,202310141721,403,2,0.004963,"129107,392041","42722,51","20,160"
1689994,202310141940,7,2,0.285714,"65833,497419","5666,509872","1,2"
2450236,202310142132,72,2,0.027778,"92074,98273","51,130","26,57"
391537,202310142219,89,2,0.022472,"131175,384732","45676,34218","18,39"
10615977,202310142341,43,2,0.046512,"384732,131175","34218,45676","27,34"
21510385,202310150018,9,2,0.222222,"20180,826613","2493,4293","4,5"
1685829,202310150228,5,2,0.4,"20180,826613","2493,4293","1,2"
1249923,202310150247,32,2,0.0625,"131409,131175","32905,45676","19,25"
219817275,202310150716,3,2,0.666667,"196049,196044","64830,27123","1,2"
8074463,202310151820,53,2,0.037736,"698947,65614","2460,683","21,29"
144218655,202310161257,4,2,0.5,"382242,382239","46200,46200","0,3"
10064330,202310161746,21,2,0.095238,"399109,131175","6826,45676","0,13"
111085,202310162217,1731,3,0.001733,"134879,382301,382758","6724,46200,33695","860,1159,1286"
1352464,202310170842,93,2,0.021505,"384732,98273","34218,130","38,89"
116121968,202310171659,3,2,0.666667,"196049,127469","64830,51","1,2"
562705,202310171718,12,2,0.166667,"127524,127385","2481,101298","0,8"
15149579,202310171758,4,2,0.5,"130234,381285","2481,37717","1,2"
22230939,202310172054,44,2,0.045455,"196044,196049","27123,64830","24,27"
201791,202310172348,223,2,0.008969,"131721,251225","2493,2493","57,147"
78523478,202310180846,5,2,0.4,"382247,382239","33695,46200","1,4"
164835,202310181146,70,2,0.028571,"65833,134879","5666,6724","28,55"
1685801,202310181212,11,2,0.181818,"20180,826613","2493,4293","7,8"
2422004,202310181312,37,2,0.054054,"814153,65519","64885,780","21,32"
268142,202310181431,13,2,0.153846,"134017,134019","61595,200724","0,2"
28355191,202310181650,16,2,0.125,"382239,382247","46200,33695","3,5"
167070,202310181653,390,2,0.005128,"135224,384732","2487,34218","13,342"
391277,202310182146,323,2,0.006192,"131175,377828","45676,37717","11,156"
39662,202310190645,2101,4,0.001904,"16657,377890,377898,663430","5710,24957,34671,243670","57,253,257,2064"
692023,202310191325,102,2,0.019608,"16657,663430","5710,243670","65,83"
217996160,202310191555,3,2,0.666667,"196049,196044","64830,27123","0,1"
102479350,202310191556,3,2,0.666667,"384732,131175","34218,45676","1,2"
3226176,202310191909,45,2,0.044444,"251225,578036","2493,30435","33,38"
960480,202310192021,264,2,0.007576,"384732,65519","34218,780","105,255"
69475674,202310192025,5,2,0.4,"212644,135224","34218,2487","2,4"
149484005,202310192123,4,2,0.5,"196044,196052","27123,36146","0,1"
80849,202310200440,327,2,0.006116,"98700,578036","130,30435","56,81"
7037758,202310200800,21,2,0.095238,"196049,196052","64830,36146","13,14"
531010,202310200802,191,2,0.010471,"384732,98273","34218,130","91,180"
19475031,202310200943,14,2,0.142857,"128604,128669","77335,24887","10,11"
12105641,202310201459,6,2,0.333333,"129221,171311","2481,30475","1,2"
103251703,202310201951,8,2,0.25,"196044,196049","27123,64830","2,5"
7295101,202310202032,18,2,0.111111,"213382,128604","24884,77335","2,17"
44036,202310210054,264,2,0.007576,"212806,377832","34218,45676","171,259"
161350,202310210104,234,3,0.012821,"814153,726629,715115","64885,30435,628","37,46,161"
118641,202310210722,325,3,0.009231,"384048,526005,196388","64830,2481,34218","161,261,281"
83302322,202310210838,3,2,0.666667,"196049,196044","64830,27123","0,2"
161378,202310210928,150,2,0.013333,"375335,384732","5744,34218","10,72"
3619164,202310211543,29,2,0.068966,"557824,578036","19226,30435","0,26"
637625,202310212252,328,2,0.006098,"132746,1914733","45676,959962","260,303"
156860762,202310220917,4,2,0.5,"196049,196044","64830,27123","0,1"
8878510,202310220952,26,2,0.076923,"384732,98273","34218,130","16,17"
26378814,202310221433,3,2,0.666667,"374670,126766","34586,4113","0,1"
12209539,202310221512,4,2,0.5,"196049,196044","64830,27123","0,1"
221120732,202310221729,3,2,0.666667,"196049,196044","64830,27123","0,1"
28513644,202310221738,3,2,0.666667,"128669,213382","24887,24884","1,2"
60194374,202310221745,12,2,0.166667,"196044,196049","27123,64830","3,6"
2171777,202310221814,120,3,0.025,"375888,384732,65519","34218,34218,780","18,50,113"
118899124,202310230817,4,2,0.5,"196049,196044","64830,27123","0,1"
303722,202310231712,169,2,0.011834,"131175,384732","45676,34218","45,85"
44967668,202310232209,4,2,0.5,"131721,131742","2493,2481","0,3"
23028513,202310240858,8,2,0.25,"196044,196049","27123,64830","2,3"
22238168,202310241150,19,2,0.105263,"196044,196049","27123,64830","10,11"
3267337,202310241611,5,2,0.4,"196044,196049","27123,64830","2,3"
5299680,202310241821,50,2,0.04,"508506,131175","32905,45676","35,42"
5077644,202310241902,7,2,0.285714,"212806,134879","34218,6724","2,6"
60357232,202310251007,9,2,0.222222,"131175,384732","45676,34218","1,8"
75114016,202310251849,3,2,0.666667,"579992,579997","24957,24957","0,1"
1964247,202310251938,72,2,0.027778,"400216,134879","2487,6724","49,55"
20921322,202310260427,3,2,0.666667,"196049,196044","64830,27123","0,1"
201044917,202310261549,4,2,0.5,"196049,196044","64830,27123","0,1"
367185,202310261602,221,2,0.00905,"132746,526005","45676,2481","68,85"
32208555,202310261922,4,2,0.5,"128664,128651","2481,2481","0,2"
28879,202310262201,580,2,0.003448,"447283,814153","320273,64885","219,307"
92617,202310262310,228,2,0.008772,"134879,578036","6724,30435","106,224"
45943949,202310270610,7,2,0.285714,"196044,196049","27123,64830","1,2"
80542,202310270721,375,2,0.005333,"127723,98190","2460,64509","138,354"
688207,202310271447,85,2,0.023529,"381303,98273","46200,130","58,77"
57589410,202310271453,10,2,0.2,"196044,196049","27123,64830","3,5"
322148,202310271530,435,2,0.004598,"16657,39853","5710,2481","77,192"
43088593,202310271651,4,2,0.5,"375630,399109","361062,6826","0,2"
4539671,202310281121,16,2,0.125,"200378,135224","63813,2487","8,13"
54311213,202310281231,7,2,0.285714,"196044,196049","27123,64830","2,4"
35669,202310281236,358,3,0.00838,"135224,134879,98273","2487,6724,130","11,312,353"
147697344,202310281543,3,2,0.666667,"196044,196052","27123,36146","1,2"
54253661,202310281549,4,2,0.5,"382239,382247","46200,33695","2,3"
207416,202310281705,173,2,0.011561,"134879,65451","6724,88616","78,139"
7294925,202310290715,16,2,0.125,"213382,128651","24884,2481","4,8"
787950,202310290857,11,2,0.181818,"131057,132246","163377,45676","6,8"
12209405,202310291214,9,2,0.222222,"196044,196049","27123,64830","2,6"
166802,202310291907,566,2,0.003534,"382449,358261","36146,130","416,523"
198764,202310291941,56,2,0.035714,"382914,578036","449042,30435","31,53"
1299631,202310301142,163,2,0.01227,"400500,212421","130,6724","36,148"
7056488,202310301420,260,2,0.007692,"134879,400331","6724,130","111,231"
83302201,202310301512,5,2,0.4,"196044,196049","27123,64830","2,3"
1017119,202310301641,93,2,0.021505,"126338,579502","34218,36146","68,79"
520275,202310302259,200,2,0.01,"131104,65519","184303,780","21,196"
38409,202310310722,110,2,0.018182,"131175,384732","45676,34218","16,38"
390744,202310311412,100,2,0.02,"131104,131175","184303,45676","13,37"
56955816,202310311721,6,2,0.333333,"377828,131175","37717,45676","0,1"
5423772,202310311737,60,2,0.033333,"135013,375145","5744,33296","46,50"
6597075,202310311824,18,2,0.111111,"384433,132246","226062,45676","8,13"
308287,202310311829,97,2,0.020619,"131175,399109","45676,6826","25,53"
47837223,202310312123,6,2,0.333333,"196044,196049","27123,64830","2,3"
40471,202311010832,440,2,0.004545,"131175,65759","45676,5666","31,65"
3695051,202311011018,6,2,0.333333,"196044,196049","27123,64830","2,3"
159277,202311011033,49,2,0.040816,"384732,65759","34218,5666","40,41"
583729,202311011857,90,2,0.022222,"131104,131175","184303,45676","5,14"
3020250,202311012049,127,3,0.023622,"131175,399109,65519","45676,6826,780","28,60,121"
287688,202311020417,431,2,0.00464,"131104,134879","184303,6724","8,378"
203059,202311021554,55,2,0.036364,"399109,65833","6826,5666","3,20"
68445553,202311030734,3,2,0.666667,"196049,196044","64830,27123","0,1"
92537,202311031436,554,2,0.00361,"391902,579502","24887,36146","199,530"
138505165,202311031911,3,2,0.666667,"196049,196044","64830,27123","0,2"
583693,202311031924,27,2,0.074074,"65451,3600573","88616,1320314","9,12"
191562863,202311032105,4,2,0.5,"196049,196044","64830,27123","0,1"
836067,202311041445,78,2,0.025641,"384732,399109","34218,6826","26,34"
390399,202311041623,124,2,0.016129,"131104,131175","184303,45676","9,40"
191877,202311042103,307,2,0.006515,"131175,384732","45676,34218","12,256"
2288421,202311050933,58,2,0.034483,"16657,39853","5710,2481","6,23"
175370766,202311051212,3,2,0.666667,"196049,196044","64830,27123","1,2"
192317509,202311051215,3,2,0.666667,"196049,196044","64830,27123","0,1"
110900,202311051430,269,2,0.007435,"127158,65451","64509,88616","89,218"
221120256,202311051505,3,2,0.666667,"196049,196044","64830,27123","0,1"
66572463,202311051507,5,2,0.4,"196044,196049","27123,64830","1,3"
2362806,202311051640,12,2,0.166667,"302614,302589","6520,34218","9,11"
89124,202311051739,668,2,0.002994,"134615,134879","200724,6724","483,572"
32208488,202311051745,10,2,0.2,"128651,128664","2481,2481","2,6"
402230,202311051901,706,2,0.002833,"134615,134879","200724,6724","535,628"
89184,202311060031,530,2,0.003774,"647388,1167700","320273,2493","69,117"
1685678,202311060322,5,2,0.4,"20180,826613","2493,4293","2,3"
14240816,202311061107,18,2,0.111111,"196044,196049","27123,64830","5,10"
1097084,202311061502,491,2,0.004073,"127723,134879","2460,6724","187,421"
147697328,202311061833,4,2,0.5,"196049,196052","64830,36146","0,3"
1592706,202311070248,111,2,0.018018,"65759,399109","5666,6826","43,55"
4327788,202311070700,365,2,0.005479,"374032,579129","311725,81413","228,286"
71058584,202311070915,6,2,0.333333,"196049,196052","64830,36146","2,4"
570580,202311080655,195,2,0.010256,"98190,578036","64509,30435","140,192"
201527,202311080754,283,3,0.010601,"698947,384732,65501","2460,34218,24957","38,119,267"
17081,202311081252,290,2,0.006897,"65759,131409","5666,32905","132,195"
16036649,202311081333,28,2,0.071429,"376782,131175","33695,45676","18,24"
7909468,202311081526,58,2,0.034483,"384732,134879","34218,6724","45,46"
601336,202311081651,152,2,0.013158,"384737,1167700","195198,2493","68,98"
3064265,202311081940,172,3,0.017442,"131104,384732,134879","184303,34218,6724","18,78,79"
11682836,202311082107,12,2,0.166667,"131175,131409","45676,32905","3,7"
4557411,202311090709,242,2,0.008264,"374032,579466","311725,628","131,177"
6466380,202311090756,44,2,0.045455,"375041,375100","24957,34218","0,22"
137614059,202311091323,3,2,0.666667,"378740,378902","1419015,33695","1,2"
2032152,202311091327,30,2,0.066667,"134615,131175","200724,45676","19,22"
583561,202311091409,312,2,0.00641,"384732,384737","34218,195198","267,269"
104142554,202311091518,6,2,0.333333,"196044,196049","27123,64830","0,2"
179164,202311091753,1211,2,0.001652,"2577910,382706","3060,226062","900,1075"
110850,202311091913,292,2,0.006849,"131721,65833","2493,5666","83,167"
4409080,202311092120,45,2,0.044444,"384732,131175","34218,45676","30,34"
89111,202311092149,385,2,0.005195,"131175,384732","45676,34218","19,335"
3077135,202311092156,48,2,0.041667,"384732,131175","34218,45676","33,38"
22824285,202311100539,5,2,0.4,"378740,378902","1419015,33695","3,4"
1735634,202311101716,152,2,0.013158,"2507391,134879","88581,6724","42,74"
10325119,202311101802,28,2,0.071429,"171311,129221","30475,2481","10,15"
111162871,202311101818,5,2,0.4,"196044,196049","27123,64830","1,2"
40879335,202311102118,37,2,0.054054,"196044,196049","27123,64830","14,16"
2813594,202311110342,110,2,0.018182,"65759,134879","5666,6724","45,48"
312009,202311110649,327,2,0.006116,"65759,382758","5666,33695","28,299"
1673314,202311110655,436,2,0.004587,"374032,579466","311725,628","277,405"
27262546,202311110710,11,2,0.181818,"196049,196052","64830,36146","5,7"
74343294,202311111401,4,2,0.5,"196049,196052","64830,36146","0,1"
5148401,202311111507,26,2,0.076923,"65639,129398","5710,2481","22,25"
883231,202311111535,524,2,0.003817,"127723,126329","2460,2493","190,375"
1515806,202311111823,49,2,0.040816,"375061,135013","64830,5744","8,43"
92472,202311112258,226,2,0.00885,"814153,384732","64885,34218","32,96"
17922401,202311120651,5,2,0.4,"877750,663423","32905,46455","1,3"
3822060,202311120659,355,2,0.005634,"374032,579466","311725,628","223,331"
71058569,202311120803,5,2,0.4,"196044,196049","27123,64830","1,3"
31245,202311121648,928,2,0.002155,"213093,196388","172477,34218","54,803"
36902853,202311131356,4,2,0.5,"196049,196044","64830,27123","0,1"
149483870,202311131704,4,3,0.75,"196049,196044,196052","64830,27123,36146","0,1,2"
157313,202311131732,663,2,0.003017,"65759,65519","5666,780","76,659"
149483856,202311141000,3,3,1.0,"196049,196044,196052","64830,27123,36146","0,1,2"
171479469,202311141426,3,2,0.666667,"196049,196044","64830,27123","0,1"
2651629,202311141533,32,2,0.0625,"65833,378350","5666,33695","13,23"
801002,202311141630,3,2,0.666667,"196049,196044","64830,27123","0,1"
2929962,202311141636,52,2,0.038462,"65759,134879","5666,6724","36,40"
389365,202311141753,192,2,0.010417,"131104,131175","184303,45676","17,64"
389370,202311142251,75,2,0.026667,"384732,131175","34218,45676","51,61"
2651573,202311142331,70,2,0.028571,"2013985,134879","6781,6724","17,53"
12209239,202311150530,16,2,0.125,"196044,196049","27123,64830","4,6"
883070,202311152317,246,2,0.00813,"384732,65451","34218,88616","115,208"
46089756,202311152322,3,2,0.666667,"132232,132192","683,117794","0,1"
3971497,202311160700,337,2,0.005935,"374032,579466","311725,628","213,311"
3099033,202311161142,41,2,0.04878,"131104,384732","184303,34218","8,31"
83302040,202311161846,3,2,0.666667,"196049,196044","64830,27123","0,2"
5153829,202311162105,66,2,0.030303,"131104,131175","184303,45676","21,55"
15772998,202311171809,9,2,0.222222,"196044,534588","27123,515720","3,4"
88977,202311180539,1631,3,0.001839,"131104,131175,725509","184303,45676,184303","7,33,920"
4557347,202311180700,412,2,0.004854,"374032,579466","311725,628","260,379"
107816855,202311180852,3,2,0.666667,"196049,196052","64830,36146","1,2"
249142,202311181602,364,2,0.005495,"384732,399109","34218,6826","321,326"
5667590,202311181619,11,2,0.181818,"196044,196049","27123,64830","2,7"
20028801,202311182041,5,2,0.4,"75492,135502","184303,24957","2,3"
616702,202311190700,612,2,0.003268,"374032,579466","311725,628","378,564"
15890022,202311190754,7,2,0.285714,"133162,133013","46455,95728","0,5"
15916401,202311190825,6,2,0.333333,"196044,196049","27123,64830","2,4"
4367625,202311192116,62,2,0.032258,"65451,716096","88616,64509","25,31"
388625,202311200444,48,2,0.041667,"131104,131175","184303,45676","12,40"
9262613,202311201039,53,2,0.037736,"384732,131175","34218,45676","33,41"
117389154,202311201517,3,2,0.666667,"196049,196044","64830,27123","0,2"
5102097,202311201529,17,2,0.117647,"213382,196044","24884,27123","2,9"
68443473,202311201940,7,2,0.285714,"196044,196049","27123,64830","2,3"
9225601,202311202026,24,2,0.083333,"65451,126329","88616,2493","8,22"
888984,202311210207,376,2,0.005319,"134879,65451","6724,88616","324,361"
22878058,202311211743,32,2,0.0625,"65451,134879","88616,6724","9,23"
75229,202311211943,246,2,0.00813,"384732,715512","34218,64509","107,121"
20920814,202311212035,4,2,0.5,"196049,196044","64830,27123","0,2"
600966,202311212120,198,2,0.010101,"131175,65451","45676,88616","39,168"
9179948,202311220120,3,2,0.666667,"382697,382706","4113,226062","1,2"
730869,202311221307,781,2,0.002561,"65578,134879","5710,6724","28,685"
102478209,202311221514,7,2,0.285714,"131175,384732","45676,34218","1,6"
88864,202311221651,327,2,0.006116,"65759,65833","5666,5666","40,55"
84075,202311221701,179,2,0.011173,"65833,849310","5666,61595","104,146"
232352,202311222240,545,3,0.005505,"131104,65833,134879","184303,5666,6724","12,85,467"
6701771,202311230943,53,2,0.037736,"384732,131175","34218,45676","38,43"
1313816,202311231340,163,2,0.01227,"134879,65451","6724,88616","65,126"
4143950,202311240224,152,2,0.013158,"131175,384732","45676,34218","27,56"
563299,202311240549,208,2,0.009615,"127723,65451","2460,88616","96,184"
2739539,202311241205,55,2,0.036364,"382758,134879","33695,6724","17,40"
211274397,202311241835,4,2,0.5,"196049,196044","64830,27123","0,1"
7773749,202311242100,79,3,0.037975,"134220,384732,134879","2481,34218,6724","18,38,39"
5133085,202311242157,70,2,0.028571,"1435164,131175","37717,45676","13,57"
403595,202311250836,181,2,0.01105,"134879,399109","6724,6826","74,89"
108852455,202311251355,3,2,0.666667,"196049,196044","64830,27123","0,1"
41143433,202311251406,6,2,0.333333,"196044,196049","27123,64830","1,3"
1439569,202311260700,352,2,0.005682,"374032,579466","311725,628","210,322"
548107,202311261235,33,2,0.060606,"384732,131175","34218,45676","24,29"
163881985,202311261557,5,2,0.4,"196044,196049","27123,64830","1,4"
1705029,202311261906,41,2,0.04878,"65759,134879","5666,6724","29,30"
8384994,202311261911,3,2,0.666667,"382706,382701","226062,36146","0,2"
155017,202311270355,247,2,0.008097,"134220,134879","2481,6724","39,114"
45157541,202311270911,3,2,0.666667,"382706,382701","226062,36146","0,2"
447632,202311270936,95,2,0.021053,"131175,399109","45676,6826","29,57"
8487796,202311271038,3,2,0.666667,"371769,135013","88616,5744","0,1"
44967567,202311271951,3,2,0.666667,"131721,131742","2493,2481","0,2"
118458,202311272148,509,2,0.003929,"814153,128477","64885,27967","270,382"
1439552,202311280700,453,2,0.004415,"374032,579466","311725,628","275,412"
7294052,202311281314,19,2,0.105263,"213382,128669","24884,24887","0,1"
112819677,202311281316,5,2,0.4,"196042,196044","64830,27123","2,3"
388087,202311281615,167,2,0.011976,"131104,131175","184303,45676","10,48"
377877,202311281734,202,3,0.014851,"2024032,131175,399109","24887,45676,6826","49,52,114"
582788,202311281749,79,2,0.025316,"2024032,131175","24887,45676","10,13"
617073,202311290700,579,2,0.003454,"374032,579466","311725,628","349,533"
12006185,202311291755,4,2,0.5,"382706,382701","226062,36146","0,3"
82170655,202311300032,4,2,0.5,"382706,382701","226062,36146","1,2"
1234426,202311301342,186,2,0.010753,"213086,382706","34218,226062","28,77"
60192256,202311301710,4,2,0.5,"196049,196044","64830,27123","0,2"
1651987,202311301824,345,2,0.005797,"850859,98273","2487,130","164,336"
12067721,202311301923,18,2,0.111111,"131106,131175","422721,45676","0,4"
284501,202311302314,374,2,0.005348,"507556,65451","32905,88616","310,357"
773265,202311302337,42,2,0.047619,"132246,384433","45676,226062","6,19"
92322,202311302338,654,2,0.003058,"65759,65451","5666,88616","71,629"
14761967,202312011533,12,2,0.166667,"578765,1492979","24957,37717","6,7"
101759569,202312011617,4,2,0.5,"196049,196044","64830,27123","0,3"
36699346,202312012009,8,2,0.25,"196044,196049","27123,64830","2,6"
860163,202312020700,411,2,0.004866,"374032,579466","311725,628","232,376"
111162813,202312020951,4,2,0.5,"196049,196044","64830,27123","0,3"
15915939,202312021305,5,2,0.4,"196044,196049","27123,64830","1,2"
68441578,202312021355,8,2,0.25,"86309,196049","37812,64830","1,4"
163881940,202312021640,4,2,0.5,"196049,196044","64830,27123","1,2"
15348217,202312021930,12,2,0.166667,"1078446,507729","628,32905","5,8"
149483776,202312030838,3,2,0.666667,"196049,196052","64830,36146","0,1"
12005675,202312031047,3,2,0.666667,"382706,382701","226062,36146","0,2"
40049435,202312031200,15,2,0.133333,"131175,384732","45676,34218","3,13"
163881895,202312032229,3,2,0.666667,"196049,196044","64830,27123","1,2"
39416773,202312040814,5,2,0.4,"128604,128669","77335,24887","3,4"
106045928,202312041106,4,2,0.5,"196049,196044","64830,27123","1,2"
12005503,202312041800,4,2,0.5,"382706,382701","226062,36146","0,2"
1342641,202312050247,215,2,0.009302,"65759,251225","5666,2493","100,147"
616866,202312050700,616,2,0.003247,"374032,579466","311725,628","373,564"
113211,202312051320,38,2,0.052632,"131104,39905","184303,389","10,26"
386896,202312051631,201,2,0.00995,"131104,131175","184303,45676","13,54"
7789617,202312052325,4,2,0.5,"382706,382701","226062,36146","1,3"
149483759,202312061302,3,2,0.666667,"196049,196052","64830,36146","0,1"
9035683,202312061417,7,2,0.285714,"400201,65578","6724,5710","0,1"
7789585,202312061718,6,2,0.333333,"382701,382706","36146,226062","4,5"
163881853,202312062146,3,2,0.666667,"196049,196044","64830,27123","1,2"
379584,202312070700,63,2,0.031746,"131104,131175","184303,45676","17,53"
1439437,202312070700,367,2,0.00545,"374032,579466","311725,628","227,329"
10935813,202312071122,28,2,0.071429,"131104,131175","184303,45676","6,23"
9165507,202312071219,45,2,0.044444,"131104,131175","184303,45676","11,37"
12004753,202312080616,19,2,0.105263,"131175,382706","45676,226062","12,15"
1070254,202312080700,425,2,0.004706,"374032,579466","311725,628","260,392"
98264771,202312081109,3,2,0.666667,"196049,196052","64830,36146","0,1"
151568,202312081603,113,2,0.017699,"134220,384732","2481,34218","21,55"
12004692,202312082225,3,2,0.666667,"382706,382701","226062,36146","0,2"
16910,202312090242,524,3,0.005725,"65759,384732,382955","5666,34218,121736","59,458,518"
463181,202312090243,10,2,0.2,"133553,133759","2481,2481","4,9"
27704008,202312090356,6,2,0.333333,"129858,384732","27967,34218","1,4"
68440565,202312090519,3,2,0.666667,"196049,196052","64830,36146","0,1"
5509042,202312091402,3,2,0.666667,"20180,826613","2493,4293","1,2"
141921247,202312091647,5,2,0.4,"196044,196049","27123,64830","1,2"
385248,202312091758,88,2,0.022727,"131175,447276","45676,45241","25,52"
40878368,202312092110,3,2,0.666667,"196049,196044","64830,27123","0,1"
949455,202312092237,348,2,0.005747,"1167700,384732","2493,34218","62,300"
859822,202312100700,369,2,0.00542,"374032,579466","311725,628","224,339"
113185,202312101105,18,2,0.111111,"16657,16660","5710,628","10,11"
1865985,202312101313,360,2,0.005556,"135224,196388","2487,34218","10,328"
5411547,202312101427,240,2,0.008333,"213086,213093","34218,172477","48,51"
15915734,202312101433,5,2,0.4,"196044,196049","27123,64830","1,3"
5535977,202312101703,44,2,0.045455,"374372,382449","36146,36146","34,40"
3225406,202312101902,22,2,0.090909,"65578,384732","5710,34218","6,14"
1271086,202312101959,67,2,0.029851,"134615,374372","200724,36146","45,53"
38178077,202312102032,14,2,0.142857,"196036,196049","64830,64830","1,7"
4863455,202312102051,255,2,0.007843,"400203,65451","130,88616","159,207"
10339021,202312102319,18,2,0.111111,"65833,814153","5666,64885","5,6"
18388384,202312110648,22,2,0.090909,"196044,196049","27123,64830","7,9"
16886,202312111730,354,2,0.00565,"10824,399109","297940,6826","91,308"
32208383,202312111739,4,2,0.5,"128664,128651","2481,2481","0,1"
14578,202312111801,1865,4,0.002145,"16657,132246,850859,384433","5710,45676,2487,226062","79,292,1599,1726"
68440151,202312111905,5,2,0.4,"196044,196049","27123,64830","1,2"
1193689,202312112041,75,2,0.026667,"127154,127158","49138,64509","25,34"
385987,202312112257,241,2,0.008299,"134879,1167700","6724,2493","95,148"
25917498,202312120425,9,2,0.222222,"131104,131175","184303,45676","0,2"
335262,202312121030,30,2,0.066667,"16657,382252","5710,46200","6,11"
25683805,202312121126,15,2,0.133333,"129219,135224","161564,2487","2,12"
8547441,202312121648,33,2,0.060606,"65451,127723","88616,2460","12,28"
190064,202312140053,60,2,0.033333,"131104,384732","184303,34218","16,49"
706822,202312141327,443,2,0.004515,"65759,1167700","5666,2493","50,69"
1026341,202312141604,55,2,0.036364,"131104,131175","184303,45676","24,44"
28974887,202312141824,10,2,0.2,"196044,196049","27123,64830","5,6"
329939,202312151926,9,2,0.222222,"126058,135324","2481,19238","5,8"
40042043,202312151935,9,2,0.222222,"131175,384732","45676,34218","3,8"
40878118,202312152215,3,2,0.666667,"196049,196044","64830,27123","0,1"
3986610,202312161904,347,2,0.005764,"127158,507556","64509,32905","41,286"
473319,202312171029,313,2,0.00639,"213086,213093","34218,172477","27,29"
7788981,202312171504,8,2,0.25,"382701,382706","36146,226062","5,6"
15915465,202312180911,4,2,0.5,"196049,196044","64830,27123","0,1"
163881762,202312181357,4,2,0.5,"196049,196044","64830,27123","0,3"
60191049,202312181846,3,2,0.666667,"196049,196044","64830,27123","0,1"
28974861,202312181919,9,2,0.222222,"196044,196049","27123,64830","1,3"
40878007,202312181959,3,2,0.666667,"196049,196044","64830,27123","0,1"
8704269,202312191502,5,2,0.4,"130720,130749","51,6567","0,4"
20920318,202312191623,4,2,0.5,"196049,196044","64830,27123","1,2"
60191028,202312191629,4,2,0.5,"196049,196044","64830,27123","0,1"
163881742,202312191732,4,2,0.5,"196049,196044","64830,27123","0,1"
32271908,202312192011,8,2,0.25,"196042,196044","64830,27123","1,4"
1905720,202312192321,26,3,0.115385,"375057,375134,375028","33695,190011,24887","2,22,24"
628927,202312201424,175,2,0.011429,"384732,497419","34218,509872","66,88"
414601,202312201717,65,2,0.030769,"378386,378350","24887,33695","7,57"
88164,202312201935,590,2,0.00339,"251225,579129","2493,81413","392,457"
163881731,202312202107,4,2,0.5,"196049,196044","64830,27123","0,1"
12208921,202312202129,7,2,0.285714,"196044,676253","27123,88581","1,5"
1439292,202312210700,388,2,0.005155,"374032,579466","311725,628","236,356"
15915238,202312211827,6,2,0.333333,"196044,196049","27123,64830","2,3"
221054403,202312220846,3,2,0.666667,"196049,196044","64830,27123","0,1"
94,202312221808,139,2,0.014388,"131104,131175","184303,45676","8,37"
28045,202312221858,1857,4,0.002154,"65614,1827693,1741933,122319","683,4113,64913,2481","23,210,1171,1711"
99815306,202312230826,7,2,0.285714,"196044,196049","27123,64830","2,5"
5512550,202312231613,39,2,0.051282,"127391,132587","123866,95728","6,30"
96269003,202312231709,3,2,0.666667,"196049,196044","64830,27123","0,1"
68438438,202312231848,3,2,0.666667,"196049,196044","64830,27123","0,1"
15915144,202312232010,27,2,0.074074,"196044,196052","27123,36146","13,15"
385187,202312232145,4,2,0.5,"131104,131175","184303,45676","0,1"
3118996,202312240139,31,2,0.064516,"65451,849914","88616,24887","12,29"
4401154,202312240640,32,2,0.0625,"131104,131175","184303,45676","12,27"
58668587,202312241444,6,2,0.333333,"196044,196049","27123,64830","0,1"
20920240,202312242008,10,2,0.2,"196044,196049","27123,64830","1,4"
4405278,202312242324,110,2,0.018182,"131175,384732","45676,34218","26,49"
4402485,202312250224,55,2,0.036364,"131104,131175","184303,45676","15,42"
115813,202312251234,106,2,0.018868,"213086,75259","34218,125460","18,105"
7034616,202312252140,10,2,0.2,"196042,196044","64830,27123","3,4"
2226703,202312252217,75,2,0.026667,"131104,131175","184303,45676","24,63"
111162720,202312261646,3,2,0.666667,"196049,196044","64830,27123","0,2"
1069,202312261908,1082,2,0.001848,"65614,714915","683,34218","44,87"
696446,202312262205,136,2,0.014706,"213086,75259","34218,125460","24,135"
1439280,202312270700,359,2,0.005571,"374032,579466","311725,628","211,329"
156859806,202312270906,5,2,0.4,"196044,196049","27123,64830","0,3"
670733,202312271357,158,2,0.012658,"579129,196044","81413,27123","19,137"
3115462,202312271910,84,2,0.02381,"130626,813298","64509,64830","6,23"
6734484,202312280648,54,2,0.037037,"131104,131175","184303,45676","13,45"
1439272,202312280700,331,3,0.009063,"374032,196049,579466","311725,64830,628","209,242,298"
68437758,202312281259,5,2,0.4,"196044,196049","27123,64830","1,2"
1977812,202312290246,175,2,0.011429,"131175,131409","45676,32905","40,119"
3670241,202312291442,3,2,0.666667,"579136,579129","37717,81413","0,1"
251688,202312291709,424,2,0.004717,"135719,132246","27967,45676","100,238"
6734472,202312300455,16,2,0.125,"131175,65519","45676,780","5,9"
14906369,202312300649,18,2,0.111111,"384433,132246","226062,45676","12,15"
696293,202312301600,48,2,0.041667,"213093,382706","172477,226062","38,40"
6369826,202312301640,134,2,0.014925,"213093,382706","172477,226062","27,70"
149387988,202312302109,3,2,0.666667,"196049,196052","64830,36146","0,1"
110307,202312310121,127,2,0.015748,"65759,358261","5666,130","50,87"
1026022,202312310131,57,2,0.035088,"384732,131175","34218,45676","41,46"
28513100,202312311448,3,2,0.666667,"128669,213382","24887,24884","0,1"
83932,202312312141,150,2,0.013333,"65759,579502","5666,36146","60,125"
149387979,202312312327,3,2,0.666667,"196049,196044","64830,27123","0,1"
1440231,202401010300,98,2,0.020408,"213086,75259","34218,125460","22,95"
87928,202401010411,211,2,0.009479,"384732,65759","34218,5666","78,80"
599593,202401010510,219,2,0.009132,"447283,65451","320273,88616","126,183"
59792616,202401010834,3,2,0.666667,"131057,132246","163377,45676","0,2"
12413811,202401011536,10,2,0.2,"131104,131175","184303,45676","0,3"
105367401,202401011823,8,2,0.25,"129858,10824","27967,297940","0,3"
137763921,202401011922,3,2,0.666667,"382706,382701","226062,36146","0,2"
3662168,202401020624,33,2,0.060606,"131104,131175","184303,45676","9,28"
20920117,202401021012,3,2,0.666667,"196049,196044","64830,27123","0,1"
32208297,202401021602,3,2,0.666667,"128664,128651","2481,2481","0,2"
945382,202401021815,14,2,0.142857,"75492,75441","184303,30506","0,8"
30106667,202401021934,4,2,0.5,"75441,75492","30506,184303","2,3"
30454788,202401031045,16,2,0.125,"131104,131175","184303,45676","0,3"
696143,202401031418,95,2,0.021053,"213086,75259","34218,125460","19,94"
2064635,202401031544,186,2,0.010753,"131409,1167700","32905,2493","137,139"
57151421,202401032134,5,2,0.4,"196044,196049","27123,64830","2,3"
217993989,202401041051,3,2,0.666667,"196049,196044","64830,27123","0,1"
3984045,202401041110,26,2,0.076923,"65578,374372","5710,36146","6,17"
74175,202401041606,274,3,0.010949,"213086,813298,196388","34218,64830,34218","56,125,152"
32208260,202401041825,4,2,0.5,"128664,128651","2481,2481","0,3"
20266542,202401050528,28,2,0.071429,"131175,65519","45676,780","22,24"
74172175,202401051039,3,2,0.666667,"196049,196044","64830,27123","0,2"
3258179,202401051635,41,2,0.04878,"399109,131175","6826,45676","1,29"
5383937,202401051928,12,2,0.166667,"129221,384006","2481,226062","3,4"
5679159,202401060024,12,2,0.166667,"65833,251225","5666,2493","0,10"
1091076,202401060123,718,2,0.002786,"131104,131742","184303,2481","11,250"
4138334,202401060124,69,2,0.028986,"131104,131175","184303,45676","22,61"
1439207,202401060700,554,2,0.00361,"374032,579466","311725,628","346,507"
113709633,202401070637,4,2,0.5,"196049,196044","64830,27123","1,2"
1835672,202401070700,353,2,0.005666,"374032,579466","311725,628","220,324"
303247,202401071653,734,2,0.002725,"382449,374372","36146,36146","554,600"
22384105,202401071933,6,2,0.333333,"399109,131175","6826,45676","0,1"
15914675,202401072053,4,2,0.5,"196049,196044","64830,27123","2,3"
15914676,202401072053,5,2,0.4,"196044,196049","27123,64830","2,3"
880483,202401081757,48,2,0.041667,"109891,65759","130,5666","26,32"
1697228,202401081833,163,2,0.01227,"131104,131409","184303,32905","16,115"
581231,202401090423,407,2,0.004914,"383616,382758","33695,33695","132,369"
23197163,202401090543,14,2,0.142857,"131104,131175","184303,45676","0,2"
51505030,202401091514,14,2,0.142857,"378854,378740","2481,1419015","2,9"
557443,202401092016,37,2,0.054054,"375066,375144","36146,33296","5,34"
2644309,202401092222,61,2,0.032787,"447283,251225","320273,2493","26,47"
23017,202401092346,1253,2,0.001596,"132246,550967","45676,3060","170,320"
3879470,202401101646,41,2,0.04878,"1167700,134615","2493,200724","27,30"
1785240,202401101807,41,2,0.04878,"128669,578036","24887,30435","8,36"
4370031,202401110139,169,2,0.011834,"131106,131175","422721,45676","13,37"
3257948,202401120055,44,2,0.045455,"131104,131175","184303,45676","16,38"
16371042,202401120716,28,2,0.071429,"131409,131175","32905,45676","17,22"
193703,202401130156,268,2,0.007463,"65451,65519","88616,780","214,253"
4967621,202401131238,124,2,0.016129,"301723,699335","30475,130","32,112"
99690,202401132231,116,2,0.017241,"65759,2557781","5666,64509","48,75"
33395163,202401140109,9,2,0.222222,"399109,131175","6826,45676","2,3"
181227,202401141214,31,2,0.064516,"98190,127524","64509,2481","3,11"
21059985,202401150713,20,2,0.1,"132246,384433","45676,226062","3,12"
888156,202401150957,125,2,0.016,"384732,65759","34218,5666","45,47"
1727102,202401151805,23,2,0.086957,"65451,65759","88616,5666","7,17"
580942,202401161121,62,2,0.032258,"135224,383566","2487,121736","28,40"
937158,202401161308,256,2,0.007812,"374372,134615","36146,200724","63,235"
7353623,202401161538,143,2,0.013986,"131104,131175","184303,45676","14,41"
115667,202401161628,227,2,0.008811,"213086,213093","34218,172477","49,52"
580915,202401161835,227,2,0.008811,"131104,384732","184303,34218","18,95"
6734249,202401170653,118,2,0.016949,"131104,131175","184303,45676","13,25"
89052374,202401171333,7,2,0.285714,"127385,128669","101298,24887","3,5"
2577940,202401172153,100,2,0.02,"725509,134220","184303,2481","2,21"
4079773,202401172252,52,2,0.038462,"213093,382706","172477,226062","41,47"
142428,202401181851,168,2,0.011905,"251225,65451","2493,88616","105,137"
184461085,202401181936,5,2,0.4,"196044,196049","27123,64830","2,4"
30106603,202401191922,7,2,0.285714,"75492,698810","184303,130","1,5"
2310444,202401200142,13,2,0.153846,"134615,134220","200724,2481","2,8"
2296489,202401200403,85,2,0.023529,"10824,131175","297940,45676","14,24"
1439164,202401200700,483,2,0.004141,"374032,579466","311725,628","306,448"
35175160,202401201707,11,2,0.181818,"131175,65519","45676,780","3,5"
4369697,202401201824,138,2,0.014493,"131175,131409","45676,32905","28,95"
815893,202401210157,75,2,0.026667,"399109,813298","6826,64830","5,68"
87439,202401210700,393,2,0.005089,"382449,65451","36146,88616","298,376"
1650913,202401210952,179,2,0.011173,"382706,171311","226062,30475","82,112"
695314,202401211557,171,3,0.017544,"213086,213093,526005","34218,172477,2481","36,39,61"
5122901,202401211853,30,2,0.066667,"131104,131175","184303,45676","11,23"
815854,202401220134,77,2,0.025974,"65759,65519","5666,780","31,70"
662844,202401221045,301,2,0.006645,"1167700,65519","2493,780","199,291"
2061039,202401221349,41,2,0.04878,"65451,134615","88616,200724","14,27"
3661079,202401221541,26,2,0.076923,"131175,65519","45676,780","19,21"
606373,202401221842,287,3,0.010453,"132246,714915,384278","45676,34218,33695","80,84,141"
16534294,202401230137,20,2,0.1,"131409,131175","32905,45676","14,15"
21813807,202401231123,5,2,0.4,"131106,131175","422721,45676","0,1"
7005489,202401231243,38,2,0.052632,"132246,380796","45676,34671","4,37"
1467305,202401231725,42,2,0.047619,"86323,134615","3060,200724","18,27"
202489,202401232027,195,2,0.010256,"135224,65759","2487,5666","28,87"
248982,202401241251,842,3,0.003563,"374372,65451,65519","36146,88616,780","680,814,837"
140643,202401242032,20,2,0.1,"109891,65519","130,780","10,18"
1834892,202401250700,274,2,0.007299,"374032,579466","311725,628","146,204"
701920,202401251353,111,2,0.018018,"128477,382461","27967,34671","102,110"
1464501,202401251508,151,2,0.013245,"374372,65451","36146,88616","38,118"
92131,202401260157,716,2,0.002793,"65759,129581","5666,46455","71,205"
879616,202401261812,151,2,0.013245,"65833,579502","5666,36146","79,121"
1903498,202401262022,93,2,0.021505,"134615,382449","200724,36146","84,90"
852148,202401271830,84,2,0.02381,"65759,134615","5666,200724","35,75"
1650813,202401280936,189,3,0.015873,"382706,171311,75259","226062,30475,125460","91,117,186"
21812711,202401281008,28,2,0.071429,"399109,131175","6826,45676","1,24"
580496,202401290111,425,2,0.004706,"813298,65833","64830,5666","58,67"
135485843,202401290649,5,2,0.4,"399109,131175","6826,45676","1,2"
1564719,202401292256,144,2,0.013889,"131104,131175","184303,45676","5,29"
879422,202401300217,235,2,0.008511,"65451,130528","88616,628","198,220"
213818,202401301653,119,2,0.016807,"131175,399109","45676,6826","21,61"
138908,202401301901,41,2,0.04878,"65833,65451","5666,88616","9,11"
23356348,202401302211,14,2,0.142857,"131175,65519","45676,780","2,6"
6388995,202401302359,97,2,0.020619,"213086,382706","34218,226062","18,46"
3976356,202401311428,84,2,0.02381,"2507678,65451","88581,88616","71,75"
879261,202401311731,121,2,0.016529,"663230,65451","5710,88616","42,103"
302825,202401311855,324,2,0.006173,"127723,65451","2460,88616","108,311"
188531,202402010732,38,2,0.052632,"399109,131104","6826,184303","3,12"
217993292,202402020527,3,2,0.666667,"196049,196044","64830,27123","0,1"
1483104,202402021635,30,2,0.066667,"134615,382301","200724,46200","19,21"
61404299,202402030904,3,2,0.666667,"400201,135278","6724,6846","0,2"
40032309,202402030927,8,2,0.25,"131175,134700","45676,49038","1,4"
1650677,202402031701,71,2,0.028169,"301723,826613","30475,4293","14,65"
253014,202402031822,184,2,0.01087,"813298,65451","64830,88616","77,147"
1834548,202402040700,549,2,0.003643,"374032,579466","311725,628","329,500"
701173,202402041857,477,3,0.006289,"65759,382449,65451","5666,36146,88616","44,361,461"
217993242,202402042041,3,2,0.666667,"196049,196044","64830,27123","0,1"
275497,202402050426,476,3,0.006303,"66010,378350,579502","24887,33695,36146","127,350,455"
3256804,202402051636,72,2,0.027778,"399109,131175","6826,45676","4,59"
7065934,202402052043,15,2,0.133333,"10824,851381","297940,51","7,13"
7005389,202402061114,27,2,0.074074,"132246,380796","45676,34671","3,26"
735,202402061409,1361,3,0.002204,"132246,714915,126766","45676,34218,4113","200,382,655"
3040347,202402061645,17,2,0.117647,"133518,383887","82449,36146","7,10"
1636801,202402061855,172,2,0.011628,"213093,382706","172477,226062","31,77"
136106,202402061959,2110,3,0.001422,"213086,213093,196388","34218,172477,34218","28,32,2056"
4806933,202402062143,78,2,0.025641,"213086,213093","34218,172477","17,18"
179393,202402071640,263,2,0.007605,"2508398,2446514","88581,51","64,101"
50283,202402071810,570,2,0.003509,"550967,399109","3060,6826","12,503"
28072,202402071955,516,2,0.003876,"878779,131721","2481,2493","48,153"
566194,202402071957,151,2,0.013245,"550967,65759","3060,5666","25,77"
83693,202402080231,452,3,0.006637,"2014001,65451,65519","6781,88616,780","185,439,447"
196388,202402080317,146,2,0.013699,"131104,399109","184303,6826","14,78"
73645,202402080545,882,4,0.004535,"714915,375082,375518,2508311","34218,36146,36152,88581","77,132,332,674"
279155,202402080822,87,2,0.022989,"382466,65578","226062,5710","0,7"
27015328,202402081634,3,2,0.666667,"2508251,2508252","34586,88581","1,2"
241319,202402081642,112,2,0.017857,"374372,725477","36146,17098","23,108"
98629,202402090124,148,2,0.013514,"374372,2095528","36146,27967","34,127"
1834321,202402090700,589,2,0.003396,"374032,579466","311725,628","356,543"
3670181,202402091227,4,2,0.5,"579136,579129","37717,81413","0,3"
663634,202402091501,198,3,0.015152,"134220,813298,877889","2481,64830,4293","28,99,124"
11763655,202402091909,40,2,0.05,"497419,382449","509872,36146","3,34"
726835,202402092223,234,2,0.008547,"65451,65519","88616,780","194,225"
9023790,202402100728,7,2,0.285714,"16657,16660","5710,628","1,3"
2317750,202402102239,196,2,0.010204,"131104,382955","184303,121736","14,188"
226455,202402110700,503,2,0.003976,"374032,579466","311725,628","308,461"
23928993,202402110933,41,2,0.04878,"213086,813298","34218,64830","30,36"
610642,202402111834,182,2,0.010989,"171311,75259","30475,125460","127,181"
36062,202402121455,103,2,0.019417,"65451,66010","88616,24887","84,94"
3471615,202402121519,67,2,0.029851,"65451,374372","88616,36146","21,49"
7648173,202402121551,33,2,0.060606,"399109,131409","6826,32905","1,22"
196322,202402122114,382,2,0.005236,"374372,382955","36146,121736","307,379"
1089093,202402122235,214,2,0.009346,"65727,134615","30506,200724","77,201"
878326,202402130256,431,2,0.00464,"2095528,66010","27967,24887","77,90"
83659,202402130403,721,2,0.002774,"134879,65451","6724,88616","628,693"
382270,202402131357,132,2,0.015152,"131175,399109","45676,6826","31,66"
1507358,202402131432,219,2,0.009132,"213093,382706","172477,226062","46,103"
5922352,202402131944,76,2,0.026316,"814153,65519","64885,780","38,65"
134908247,202402140221,8,2,0.25,"131175,10824","45676,297940","1,2"
1834170,202402140700,480,2,0.004167,"374032,196036","311725,64830","302,353"
60710870,202402140820,4,2,0.5,"848409,848410","30435,30435","1,2"
5313034,202402141602,63,2,0.031746,"213093,382706","172477,226062","51,59"
115290,202402141618,291,2,0.006873,"213086,213093","34218,172477","49,55"
11997709,202402141751,4,2,0.5,"382706,382694","226062,34218","0,3"
122391,202402150201,350,2,0.005714,"813298,134879","64830,6724","54,296"
122393,202402150430,374,2,0.005348,"813298,134879","64830,6724","46,321"
558112,202402150609,290,2,0.006897,"134879,813298","6724,64830","132,142"
408583,202402151838,798,2,0.002506,"213086,813298","34218,64830","48,103"
9179923,202402160413,4,2,0.5,"382706,382697","226062,4113","0,1"
115236,202402161508,946,2,0.002114,"377640,526005","34218,2481","380,774"
239989,202402161544,219,2,0.009132,"578563,131175","5710,45676","1,47"
115223,202402161632,270,2,0.007407,"65614,131175","683,45676","40,53"
4449102,202402161702,188,2,0.010638,"65759,65451","5666,88616","88,155"
10795594,202402162201,14,2,0.142857,"65451,65759","88616,5666","5,13"
98483,202402162352,169,2,0.011834,"134879,65451","6724,88616","81,140"
4971972,202402170203,86,2,0.023256,"65759,92074","5666,51","35,74"
2596207,202402170700,663,2,0.003017,"374032,579466","311725,628","415,615"
32208144,202402170900,3,2,0.666667,"128664,128651","2481,2481","0,2"
4029996,202402171733,26,2,0.076923,"65451,134879","88616,6724","10,18"
132807,202402171859,39,2,0.051282,"374372,127723","36146,2460","31,32"
1834027,202402180700,565,2,0.00354,"374032,579466","311725,628","349,519"
554948,202402180718,295,2,0.00678,"134879,196388","6724,34218","119,160"
52364,202402181658,648,2,0.003086,"383262,65451","36146,88616","89,624"
2070946,202402181938,215,2,0.009302,"65451,65501","88616,24957","170,203"
610631,202402182004,151,2,0.013245,"171311,75259","30475,125460","88,149"
132415,202402182217,40,2,0.05,"698947,65519","2460,780","17,34"
86680,202402191122,86,2,0.023256,"131721,399109","2493,6826","31,49"
30992023,202402191854,7,2,0.285714,"134220,134199","2481,4113","3,5"
2764059,202402200053,44,2,0.045455,"374372,131175","36146,45676","33,37"
14551505,202402201449,36,2,0.055556,"134615,131175","200724,45676","25,29"
2887169,202402202046,212,2,0.009434,"134879,65451","6724,88616","98,170"
2693797,202402202126,50,2,0.04,"814153,374372","64885,36146","29,38"
1588839,202402210238,55,2,0.036364,"75318,129221","51,2481","35,36"
158657720,202402211900,4,2,0.5,"16657,16660","5710,628","0,2"
2187594,202402220138,13,2,0.153846,"374372,134615","36146,200724","0,10"
628040,202402220826,153,2,0.013072,"374372,65759","36146,5666","43,77"
379778,202402221534,78,3,0.038462,"131104,131175,399109","184303,45676,6826","5,19,40"
39863,202402221615,713,3,0.004208,"131175,134615,382694","45676,200724,34218","37,506,612"
746890,202402230654,17,2,0.117647,"384433,132246","226062,45676","11,13"
1068856,202402230700,449,2,0.004454,"135278,374032","6846,311725","18,254"
726086,202402232335,796,2,0.002513,"135278,716096","6846,64509","44,512"
850592,202402240037,221,2,0.00905,"65759,65451","5666,88616","94,189"
51615,202402240444,217,2,0.009217,"131104,330329","184303,5710","20,43"
84002608,202402241300,5,2,0.4,"375844,375848","211076,33695","1,2"
30106360,202402250124,5,2,0.4,"75425,75492","65007,184303","0,1"
5428768,202402250130,52,2,0.038462,"65614,65759","683,5666","35,41"
5528012,202402250152,87,2,0.022989,"374372,382449","36146,36146","14,83"
8848253,202402250550,10,2,0.2,"375848,375844","33695,211076","4,5"
676671,202402251702,303,2,0.006601,"65759,383262","5666,36146","123,168"
598107,202402260502,174,2,0.011494,"131175,65759","45676,5666","32,72"
130065,202402261222,124,2,0.016129,"65759,399109","5666,6826","48,61"
23186291,202402261615,14,2,0.142857,"131104,131175","184303,45676","0,2"
1444178,202402261728,191,2,0.010471,"131175,122319","45676,2481","51,165"
512592,202402261748,50,2,0.04,"10824,65759","297940,5666","29,36"
32654457,202402261940,7,2,0.285714,"374372,134615","36146,200724","1,6"
1771516,202402262056,520,2,0.003846,"65759,65451","5666,88616","46,501"
3670170,202402270034,5,2,0.4,"579136,579129","37717,81413","0,2"
210308,202402270101,70,2,0.028571,"131721,374372","2493,36146","7,56"
83554,202402272153,388,2,0.005155,"131175,65759","45676,5666","19,38"
45255806,202402280222,5,2,0.4,"212324,129221","389,2481","1,2"
3155436,202402280526,159,2,0.012579,"131175,65519","45676,780","34,151"
400379,202402281438,402,3,0.007463,"65578,65833,382955","5710,5666,121736","13,64,398"
7065112,202402281749,14,2,0.142857,"10824,851381","297940,51","1,10"
15018,202402282352,2168,3,0.001384,"135224,447193,382186","2487,45241,24957","1124,1308,1434"
4460813,202402291256,10,2,0.2,"429733,383887","64830,36146","2,8"
577255,202402291852,838,2,0.002387,"213093,131175","172477,45676","48,51"
3969643,202402292115,69,2,0.028986,"131409,131175","32905,45676","45,56"
1267935,202403010440,26,2,0.076923,"126113,65727","4293,30506","9,16"
6572343,202403021653,19,2,0.105263,"375041,375025","24957,100727","1,16"
277464,202403031337,315,2,0.006349,"383262,127385","36146,101298","51,74"
1649848,202403032049,154,2,0.012987,"171311,75259","30475,125460","92,152"
86301,202403040341,338,2,0.005917,"134615,382449","200724,36146","253,260"
8918344,202403041604,56,2,0.035714,"399109,131175","6826,45676","4,47"
75213,202403041759,155,2,0.012903,"374372,65833","36146,5666","25,94"
4398453,202403042147,18,2,0.111111,"131175,65519","45676,780","2,7"
377313,202403042236,70,2,0.028571,"131104,131175","184303,45676","17,55"
34923599,202403050229,17,2,0.117647,"131175,131409","45676,32905","4,9"
837957,202403050453,53,2,0.037736,"65833,65759","5666,5666","14,38"
1267781,202403051057,61,2,0.032787,"131106,131175","422721,45676","15,49"
1558035,202403051252,102,2,0.019608,"131175,399109","45676,6826","17,57"
44967388,202403060144,5,2,0.4,"131721,131742","2493,2481","0,4"
14535556,202403061411,7,2,0.285714,"375844,375850","211076,274625","1,3"
9722097,202403061422,20,2,0.1,"131175,65519","45676,780","15,17"
4088171,202403062020,112,2,0.017857,"132246,2095528","45676,27967","38,105"
15291753,202403070620,9,2,0.222222,"131175,65519","45676,780","1,4"
910159,202403071612,818,2,0.002445,"65759,134879","5666,6724","87,702"
15200405,202403080145,4,2,0.5,"134615,131175","200724,45676","1,3"
376287,202403080202,131,2,0.015267,"10824,131175","297940,45676","20,33"
91812,202403081252,13,2,0.153846,"395584,65614","24887,683","0,6"
2862517,202403090721,238,2,0.008403,"131175,65833","45676,5666","42,137"
62222189,202403090838,7,2,0.285714,"375844,375848","211076,33695","1,5"
1590535,202403091055,373,2,0.005362,"127723,65451","2460,88616","144,357"
375658,202403091503,98,2,0.020408,"131104,131175","184303,45676","12,29"
127190,202403091828,149,2,0.013423,"2557708,65833","19256,5666","78,89"
330577,202403100449,489,2,0.00409,"813298,497419","64830,509872","54,436"
109406,202403101858,182,2,0.010989,"131175,65451","45676,88616","36,142"
1033556,202403101929,138,3,0.021739,"1914618,171311,75259","959962,30475,125460","69,87,136"
16597311,202403110508,21,2,0.095238,"399109,131175","6826,45676","2,18"
14992461,202403112032,25,2,0.08,"131175,65519","45676,780","18,22"
2294113,202403120319,6,2,0.333333,"20180,826613","2493,4293","3,4"
84002487,202403120648,4,2,0.5,"375848,375844","33695,211076","0,3"
84002492,202403130529,4,2,0.5,"375848,375844","33695,211076","0,2"
2862271,202403131348,34,2,0.058824,"65451,384737","88616,195198","8,25"
845658,202403131614,297,3,0.010101,"131175,813298,65519","45676,64830,780","62,146,289"
196055,202403131706,124,2,0.016129,"10824,131175","297940,45676","22,30"
526298,202403132152,31,2,0.064516,"131175,65519","45676,780","24,26"
374592,202403141344,406,3,0.007389,"131721,374670,382955","2493,34586,121736","121,386,403"
9901816,202403141604,61,2,0.032787,"131409,131175","32905,45676","41,51"
6679356,202403150056,4,2,0.5,"128340,129221","66009,2481","1,2"
126128,202403150403,66,2,0.030303,"399109,65519","6826,780","0,51"
16169764,202403150701,3,2,0.666667,"375848,375844","33695,211076","0,2"
29682602,202403151443,9,2,0.222222,"196044,196049","27123,64830","0,7"
18171123,202403151713,5,2,0.4,"196044,196049","27123,64830","0,1"
593260,202403151844,229,2,0.008734,"2014001,2095528","6781,27967","140,188"
16606,202403152100,420,2,0.004762,"399109,133013","6826,95728","370,397"
23182835,202403162119,16,2,0.125,"399109,131175","6826,45676","6,7"
12234919,202403171016,22,2,0.090909,"399109,131175","6826,45676","1,19"
195989,202403171655,102,2,0.019608,"131104,131175","184303,45676","11,24"
697730,202403171849,75,2,0.026667,"65451,383262","88616,36146","27,60"
118234,202403171930,70,2,0.028571,"399109,131175","6826,45676","7,60"
1033528,202403172047,110,2,0.018182,"171311,75259","30475,125460","66,108"
577912,202403172341,194,2,0.010309,"383262,122319","36146,2481","109,174"
3975589,202403181422,208,3,0.014423,"383262,65451,134615","36146,88616,200724","108,161,192"
